{"version":9,"projectId":123,"modelId":456,"revisionId":789,"subRevisionId":999,"maxTreeIndex":7,"unit":"Meters","sectors":[{"id":0,"sectorFileName":"0.glb","path":"0/","depth":0,"boundingBox":{"min":{"x":-100,"y":-100.00000437113887,"z":-100.00000437113887},"max":{"x":100,"y":100.00000437113887,"z":667.3131757578576}},"geometryBoundingBox":{"min":{"x":-100,"y":-100.00000437113887,"z":-100.00000437113887},"max":{"x":100,"y":100.00000437113887,"z":667.3131757578576}},"estimatedTriangleCount":24,"estimatedDrawCallCount":1,"minDiagonalLength":346.4101867675781,"maxDiagonalLength":346.4101867675781,"downloadSize":33024}]}